id,title,calendar,live,recording
pre-phpconnect,Pre PHPConnect,,,
opening-welcome,Opening / Welcome,,,
phpfoundation-communities-contribution-opportunity,"PHPFoundation: Communities, Contribution & Opportunity",,,
ad-break-1,Ad Break #1,,,
the-engineer-and-the-loop,The Engineer and the Loop,,,
sponsor-shoutout-1,Sponsor Shoutout #1,,,
keynote-php-internals-deep-dive,Keynote: PHP Internals Deep Dive,,,
icebreaker-game-break,Icebreaker / Game Break,,,
ad-break-2,Ad Break #2,,,
nativephp,Building Native Apps with PHP: From Hot Reloading to the App Store with SuperNative & Bifrost,,,
ai-powered-e2e-testing-platform,"Building an AI-Powered E2E Testing Platform: Real Bugs, Real Trade-offs, Real Lessons",,,
sponsor-shoutout-2,Sponsor Shoutout #2,,,
engineering-in-the-age-of-abstraction,Engineering in the Age of Abstraction,,,
ad-break-3,Ad Break #3,,,
from-prompt-to-production,From Prompt to Production,,,
closing-remarks,Closing Remarks,,,
